symbol,market_cap,shares,free_float_shares,free_float_pct,risk_warning,risk_text,fetched_on
786,,"19,964,501","6,987,575",35.00%,1,Risk Warning Alert (RWA),2026-10-10
786R,,"4,990,751","499,075",10.00%,1,Risk Warning Alert (RWA),2026-10-10
AABS,,"17,362,300","1,736,230",10.00%,1,Risk Warning Alert (RWA),2026-10-10
AAL,,"1,183,200",0,0.00%,1,Risk Warning Alert (RWA),2026-10-10
AASM,,"13,409,550","2,681,910",20.00%,1,Risk Warning Alert (RWA),2026-10-10
AATM,,"44,426,694","926,222",2.08%,1,Risk Warning Alert (RWA),2026-10-10
ABL,,"1,145,073,830","114,507,383",10.00%,1,Risk Warning Alert (RWA),2026-10-10
ABOT,,"97,900,302","21,171,684",21.63%,1,Risk Warning Alert (RWA),2026-10-10
ABSON,,"3,100,000","1,395,000",45.00%,1,Risk Warning Alert (RWA),2026-10-10
ACPL,,"137,426,961","13,742,696",10.00%,1,Risk Warning Alert (RWA),2026-10-10
ADAMS,,"17,291,008","3,458,192",20.00%,1,Risk Warning Alert (RWA),2026-10-10
ADMM,,"84,000,000","8,400,000",10.00%,1,Risk Warning Alert (RWA),2026-10-10
ADOS,,0,"1,316,520",NaN%,1,DELISTED,2026-10-10
ADTM,,"7,730,000","860,000",11.13%,1,DELISTED,2026-10-10
AEL,,0,0,0.00%,1,DELISTED,2026-10-10
AGHA,,"721,381,051","302,439,529",41.93%,1,Risk Warning Alert (RWA),2026-10-10
AGIC,,"100,662,656","40,265,061",40.00%,1,Risk Warning Alert (RWA),2026-10-10
AGICR2,,"28,760,758",0,0.00%,1,Risk Warning Alert (RWA),2026-10-10
AGIL,,"36,000,000","21,600,000",60.00%,1,Risk Warning Alert (RWA),2026-10-10
AGL,,"599,084,224","59,908,422",10.00%,1,Suspension of RLNG Supply to Fertilizer Plant,2026-10-10
AGLNCPS,,"20,608","18,984",92.12%,1,Risk Warning Alert (RWA),2026-10-10
AGP,,"280,000,000","84,000,000",30.00%,1,Risk Warning Alert (RWA),2026-10-10
AGSML,,"79,261,700","19,815,417",25.00%,1,Risk Warning Alert (RWA),2026-10-10
AGTL,,"57,964,201","3,673,918",6.34%,1,Risk Warning Alert (RWA),2026-10-10
AHCL,,"4,216,967,470","632,545,121",15.00%,1,Risk Warning Alert (RWA),2026-10-10
AHL,,"65,340,000","16,335,000",25.00%,1,Risk Warning Alert (RWA),2026-10-10
AHTM,,"8,471,535","1,270,730",15.00%,1,Risk Warning Alert (RWA),2026-10-10
AICL,,"350,000,000","210,000,000",60.00%,1,Risk Warning Alert (RWA),2026-10-10
AIRLINK,,"395,269,231","118,580,769",30.00%,1,Risk Warning Alert (RWA),2026-10-10
AKBL,,"1,449,299,207","434,789,762",30.00%,1,Risk Warning Alert (RWA),2026-10-10
AKDCL,,0,0,0.00%,1,Risk Warning Alert (RWA),2026-10-10
AKDHL,,"2,507,273","1,002,909",40.00%,1,Risk Warning Alert (RWA),2026-10-10
AKDSL,,"557,834,171","27,891,709",5.00%,1,Risk Warning Alert (RWA),2026-10-10
AKGL,,"10,000,000","1,000,000",10.00%,1,Risk Warning Alert (RWA),2026-10-10
AKZO,,"46,443,250","2,322,166",5.00%,1,DELISTED,2026-10-10
ALAC,,"150,172,014","37,543,004",25.00%,1,Risk Warning Alert (RWA),2026-10-10
ALIFE,,"262,500,000","52,500,000",20.00%,1,Risk Warning Alert (RWA),2026-10-10
ALNRS,,"20,473,702","4,094,740",20.00%,1,Risk Warning Alert (RWA),2026-10-10
ALQT,,0,0,0.00%,1,DELISTED,2026-10-10
ALTN,,"363,380,000","90,845,000",25.00%,1,Risk Warning Alert (RWA),2026-10-10
AMBL,,"545,040,671","21,449,248",3.94%,1,Risk Warning Alert (RWA),2026-10-10
AMSL,,"5,000,000","1,250,000",25.00%,1,Risk Warning Alert (RWA),2026-10-10
AMTEX,,"259,430,134","116,743,560",45.00%,1,Risk Warning Alert (RWA),2026-10-10
ANL,,"485,409,731","242,704,866",50.00%,1,Risk Warning Alert (RWA),2026-10-10
ANNT,,"1,742,400","784,080",45.00%,1,Risk Warning Alert (RWA),2026-10-10
ANSM,,"56,136,657","25,261,450",45.00%,1,Risk Warning Alert (RWA),2026-10-10
ANTM,,"9,660,000","1,449,000",15.00%,1,Risk Warning Alert (RWA),2026-10-10
APL,,"124,416,000","31,104,000",25.00%,1,Risk Warning Alert (RWA),2026-10-10
APOT,,"8,284,700","131,400",1.59%,1,Risk Warning Alert (RWA),2026-10-10
AQTM,,"7,450,000","3,350,000",44.97%,1,DELISTED,2026-10-10
ARCTM,,"13,174,800","2,703,200",20.52%,1,Risk Warning Alert (RWA),2026-10-10
ARM,,0,0,0.00%,1,Risk Warning Alert (RWA),2026-10-10
ARMG,,"10,744,413","1,074,441",10.00%,1,Risk Warning Alert (RWA),2026-10-10
ARPAK,,"4,000,000","362,722",9.07%,1,Risk Warning Alert (RWA),2026-10-10
ARPL,,"34,563,341","8,640,835",25.00%,1,Risk Warning Alert (RWA),2026-10-10
ARUJ,,"10,457,890","3,253,967",31.11%,1,Risk Warning Alert (RWA),2026-10-10
ASC,,"374,923,537","337,431,183",90.00%,1,Risk Warning Alert (RWA),2026-10-10
ASCR1,,0,0,0.00%,1,Risk Warning Alert (RWA),2026-10-10
ASHT,,"46,565,035","2,328,252",5.00%,1,Risk Warning Alert (RWA),2026-10-10
ASIC,,"73,008,243","21,902,473",30.00%,1,Risk Warning Alert (RWA),2026-10-10
ASL,,"930,784,821","279,235,446",30.00%,1,Risk Warning Alert (RWA),2026-10-10
ASLCPS,,"137,920","118,974",86.26%,1,Risk Warning Alert (RWA),2026-10-10
ASLPS,,"43,588,191","2,179,410",5.00%,1,Risk Warning Alert (RWA),2026-10-10
ASRL,,0,0,0.00%,1,Risk Warning Alert (RWA),2026-10-10
ASTL,,"337,011,427","117,953,999",35.00%,1,Extension of Suspension of Business Operations at SITE Rolling Mill,2026-10-10
ASTM,,"15,177,000","2,276,550",15.00%,1,Risk Warning Alert (RWA),2026-10-10
ATBA,,"35,017,034","8,754,258",25.00%,1,Risk Warning Alert (RWA),2026-10-10
ATIL,,"149,415,691","29,883,135",20.00%,1,Risk Warning Alert (RWA),2026-10-10
ATLH,,"124,087,935","12,408,794",10.00%,1,Risk Warning Alert (RWA),2026-10-10
ATRL,,"106,616,250","42,646,500",40.00%,1,Risk Warning Alert (RWA),2026-10-10
AVN,,"429,667,346","150,383,571",35.00%,1,Risk Warning Alert (RWA),2026-10-10
AWTX,,"800,000","4,501",0.56%,1,Risk Warning Alert (RWA),2026-10-10
AWWAL,,0,0,0.00%,1,DELISTED,2026-10-10
AYTM,,"1,400,000","70,000",5.00%,1,DELISTED,2026-10-10
AYZT,,0,0,0.00%,1,DELISTED,2026-10-10
AZMT,,"950,000","427,500",45.00%,1,Risk Warning Alert (RWA),2026-10-10
AZTM,,"8,550,000","3,850,000",45.03%,1,DELISTED,2026-10-10
BAFL,,"3,154,330,238","1,419,448,607",45.00%,1,Risk Warning Alert (RWA),2026-10-10
BAFS,,"9,450,000","472,500",5.00%,1,Risk Warning Alert (RWA),2026-10-10
BAHL,,"1,111,425,419","833,569,062",75.00%,1,Risk Warning Alert (RWA),2026-10-10
BAPL,,"7,502,510","6,752,259",90.00%,1,Risk Warning Alert (RWA),2026-10-10
BATA,,"7,560,000","1,789,790",23.67%,1,Risk Warning Alert (RWA),2026-10-10
BBFL,,"298,905,786","115,240,255",38.55%,1,Risk Warning Alert (RWA),2026-10-10
BCL,,"11,472,529","6,309,891",55.00%,1,Risk Warning Alert (RWA),2026-10-10
BCML,,0,"1,219,933",NaN%,1,DELISTED,2026-10-10
BECO,,"1,249,625,100","437,368,785",35.00%,1,Risk Warning Alert (RWA),2026-10-10
BEEM,,"41,683,700","18,757,665",45.00%,1,Risk Warning Alert (RWA),2026-10-10
BELA,,"5,800,000","1,450,000",25.00%,1,Risk Warning Alert (RWA),2026-10-10
BERG,,"24,551,652","9,820,646",40.00%,1,Risk Warning Alert (RWA),2026-10-10
BFAGRO,,"309,990,384","77,497,596",25.00%,1,Risk Warning Alert (RWA),2026-10-10
BFBIO,,"88,333,334","26,500,000",30.00%,1,Risk Warning Alert (RWA),2026-10-10
BFMOD,,"7,515,158","2,630,305",35.00%,1,Risk Warning Alert (RWA),2026-10-10
BGL,,"638,512,057","63,851,206",10.00%,1,Risk Warning Alert (RWA),2026-10-10
BHAT,,"3,040,964","152,048",5.00%,1,Risk Warning Alert (RWA),2026-10-10
BIFO,,"46,382,688","16,233,941",35.00%,1,Risk Warning Alert (RWA),2026-10-10
BIIC,,"8,554,376","3,849,469",45.00%,1,Risk Warning Alert (RWA),2026-10-10
BILF,,"14,100,000","11,931,865",84.62%,1,Risk Warning Alert (RWA),2026-10-10
BIPL,,"1,108,703,299","166,305,495",15.00%,1,Risk Warning Alert (RWA),2026-10-10
BIPLS,,"100,000,000","25,000,000",25.00%,1,Risk Warning Alert (RWA),2026-10-10
BLUEX,,"284,284,300","113,713,720",40.00%,1,Risk Warning Alert (RWA),2026-10-10
BML,,"1,027,888,469","205,577,694",20.00%,1,Risk Warning Alert (RWA),2026-10-10
BNL,,"668,052,700","434,234,255",65.00%,1,Risk Warning Alert (RWA),2026-10-10
BNWM,,"9,506,250","4,753,125",50.00%,1,Risk Warning Alert (RWA),2026-10-10
BOK,,"1,158,054,673","57,902,734",5.00%,1,Risk Warning Alert (RWA),2026-10-10
BOP,,"3,271,569,319","1,382,129,259",42.25%,1,Risk Warning Alert (RWA),2026-10-10
BPBL,,0,0,0.00%,1,DELISTED,2026-10-10
BPL,,"26,986,680","6,746,667",25.00%,1,Risk Warning Alert (RWA),2026-10-10
BROT,,"9,800,000","3,720,000",37.96%,1,DELISTED,2026-10-10
BRR,,0,0,0.00%,1,DELISTED,2026-10-10
BRRG,,"95,008,489","47,504,245",50.00%,1,Risk Warning Alert (RWA),2026-10-10
BTL,,"6,432,000","321,600",5.00%,1,Risk Warning Alert (RWA),2026-10-10
BUXL,,"1,440,000","576,000",40.00%,1,Risk Warning Alert (RWA),2026-10-10
BWCL,,"596,252,783","59,625,278",10.00%,1,Risk Warning Alert (RWA),2026-10-10
BWHL,,"13,334,250","7,333,838",55.00%,1,Risk Warning Alert (RWA),2026-10-10
BYCO,,"5,329,884,706","1,598,965,412",30.00%,1,Risk Warning Alert (RWA),2026-10-10
CASH,,"10,744,413","1,074,441",10.00%,1,Risk Warning Alert (RWA),2026-10-10
CCM,,"22,660,123","10,197,057",45.00%,1,Risk Warning Alert (RWA),2026-10-10
CECL,,"3,312,000","175,800",5.31%,1,DELISTED,2026-10-10
CENI,,"55,326,483","13,831,621",25.00%,1,Risk Warning Alert (RWA),2026-10-10
CEPB,,"401,712,926","120,513,878",30.00%,1,Risk Warning Alert (RWA),2026-10-10
CFL,,"12,417,876","3,725,363",30.00%,1,Risk Warning Alert (RWA),2026-10-10
CHAS,,"28,692,000","4,303,800",15.00%,1,Risk Warning Alert (RWA),2026-10-10
CHBL,,"115,000,000","40,250,000",35.00%,1,Risk Warning Alert (RWA),2026-10-10
CHCC,,"194,295,038","116,577,023",60.00%,1,Risk Warning Alert (RWA),2026-10-10
CJPL,,"23,763,468","11,881,734",50.00%,1,Risk Warning Alert (RWA),2026-10-10
CLCPS,,"80,000,000","78,286,461",97.86%,1,Risk Warning Alert (RWA),2026-10-10
CLOUD,,"121,576,200","26,588,321",21.87%,1,Risk Warning Alert (RWA),2026-10-10
CLOV,,"447,681,476","214,108,532",47.83%,1,Risk Warning Alert (RWA),2026-10-10
CLVL,,"72,105,200","10,815,780",15.00%,1,Risk Warning Alert (RWA),2026-10-10
CNERGY,,"5,493,447,571","1,373,361,893",25.00%,1,Risk Warning Alert (RWA),2026-10-10
COLG,,"242,773,288","24,277,327",10.00%,1,Risk Warning Alert (RWA),2026-10-10
COST,,0,0,0.00%,1,DELISTED,2026-10-10
COTT,,"5,570,000","1,780,000",31.96%,1,DELISTED,2026-10-10
CPAL,,"10,744,413","1,611,662",15.00%,1,Risk Warning Alert (RWA),2026-10-10
CPHL,,"228,461,200","114,230,600",50.00%,1,Risk Warning Alert (RWA),2026-10-10
CPPL,,"49,095,396","29,457,236",60.00%,1,Risk Warning Alert (RWA),2026-10-10
CRTM,,"100,000,000","60,000,000",60.00%,1,Risk Warning Alert (RWA),2026-10-10
CSAP,,"77,632,491","34,934,621",45.00%,1,Risk Warning Alert (RWA),2026-10-10
CSIL,,"148,619,157","148,422,754",99.87%,1,Risk Warning Alert (RWA),2026-10-10
CSILR3,,"40,924,116","155,511,648",380.00%,1,Risk Warning Alert (RWA),2026-10-10
CSM,,"20,000,000","7,000,000",35.00%,1,DELISTED,2026-10-10
CTM,,"498,010,000","99,601,992",20.00%,1,Risk Warning Alert (RWA),2026-10-10
CWSM,,"121,576,200","26,603,821",21.88%,1,Risk Warning Alert (RWA),2026-10-10
CYAN,,"61,558,963","12,311,822",20.00%,1,DELISTED,2026-10-10
DAAG,,"4,000,000","970,700",24.27%,1,Risk Warning Alert (RWA),2026-10-10
DADX,,"10,764,000","538,200",5.00%,1,Risk Warning Alert (RWA),2026-10-10
DATM,,0,0,0.00%,1,DELISTED,2026-10-10
DAWH,,"481,287,116","336,900,981",70.00%,1,Risk Warning Alert (RWA),2026-10-10
DBCI,,"98,236,644","29,280,889",29.81%,1,Risk Warning Alert (RWA),2026-10-10
DBSL,,"4,000,000","114,000",2.85%,1,Risk Warning Alert (RWA),2026-10-10
DCL,,"544,113,343","190,439,670",35.00%,1,Risk Warning Alert (RWA),2026-10-10
DCM,,0,0,0.00%,1,Risk Warning Alert (RWA),2026-10-10
DCR,,"2,223,700,000","555,925,000",25.00%,1,Risk Warning Alert (RWA),2026-10-10
DCTL,,"2,322,800",0,0.00%,1,Risk Warning Alert (RWA),2026-10-10
DEL,,"27,500,000","11,000,000",40.00%,1,Risk Warning Alert (RWA),2026-10-10
DFML,,"299,991,686","89,997,506",30.00%,1,Risk Warning Alert (RWA),2026-10-10
DFSM,,"97,750,726","34,212,754",35.00%,1,Risk Warning Alert (RWA),2026-10-10
DGKC,,"438,119,097","219,059,559",50.00%,1,Risk Warning Alert (RWA),2026-10-10
DHPL,,"481,287,116","336,900,981",70.00%,1,DELISTED,2026-10-10
DIIL,,"9,000,000","4,050,000",45.00%,1,Risk Warning Alert (RWA),2026-10-10
DINT,,"52,466,750","7,870,012",15.00%,1,Risk Warning Alert (RWA),2026-10-10
DKL,,"10,000,000","9,654,708",96.55%,1,Risk Warning Alert (RWA),2026-10-10
DKTM,,"9,610,759","1,922,152",20.00%,1,Risk Warning Alert (RWA),2026-10-10
DLL,,"800,766,520","240,229,956",30.00%,1,Risk Warning Alert (RWA),2026-10-10
DMC,,"3,052,400","915,729",30.00%,1,Risk Warning Alert (RWA),2026-10-10
DMIL,,"3,052,400","915,729",30.00%,1,Risk Warning Alert (RWA),2026-10-10
DMTM,,"11,561,028","1,156,103",10.00%,1,Risk Warning Alert (RWA),2026-10-10
DMTX,,"3,052,400","915,729",30.00%,1,Risk Warning Alert (RWA),2026-10-10
DNCC,,"316,355,132","94,906,540",30.00%,1,Risk Warning Alert (RWA),2026-10-10
DOL,,"175,031,084","52,509,325",30.00%,1,Risk Warning Alert (RWA),2026-10-10
DOLCPS,,"110,000,000","128,364",0.12%,1,Risk Warning Alert (RWA),2026-10-10
DOMF,,0,0,0.00%,1,DELISTED,2026-10-10
DSFL,,"366,321,085","146,528,433",40.00%,1,Risk Warning Alert (RWA),2026-10-10
DSIL,,"83,685,631","71,132,786",85.00%,1,Risk Warning Alert (RWA),2026-10-10
DSL,,"444,695,577","222,347,789",50.00%,1,Risk Warning Alert (RWA),2026-10-10
DSML,,"224,500,000","11,225,000",5.00%,1,Risk Warning Alert (RWA),2026-10-10
DWAE,,"21,400,000","3,210,000",15.00%,1,Risk Warning Alert (RWA),2026-10-10
DWSM,,"91,511,992","18,302,398",20.00%,1,Risk Warning Alert (RWA),2026-10-10
DWTM,,"46,064,609","2,303,230",5.00%,1,Risk Warning Alert (RWA),2026-10-10
DYNO,,"18,872,400","12,267,068",65.00%,1,Risk Warning Alert (RWA),2026-10-10
ECOP,,"48,258,419","36,193,813",75.00%,1,Risk Warning Alert (RWA),2026-10-10
EFERT,,"1,335,299,375","600,884,719",45.00%,1,Risk Warning Alert (RWA),2026-10-10
EFGH,,"128,751,024","9,007,043",7.00%,1,Risk Warning Alert (RWA),2026-10-10
EFOODS,,"766,596,075","76,659,608",10.00%,1,Risk Warning Alert (RWA),2026-10-10
EFUG,,"200,000,000","30,000,000",15.00%,1,Risk Warning Alert (RWA),2026-10-10
EFUL,,"105,000,000","10,500,000",10.00%,1,Risk Warning Alert (RWA),2026-10-10
EFULR,,"45,000,000","4,500,000",10.00%,1,Risk Warning Alert (RWA),2026-10-10
ELCM,,"1,300,000","260,000",20.00%,1,Risk Warning Alert (RWA),2026-10-10
ELSM,,"10,950,000","3,285,000",30.00%,1,Risk Warning Alert (RWA),2026-10-10
EMCO,,"34,999,667","10,500,000",30.00%,1,Risk Warning Alert (RWA),2026-10-10
ENGL,,"8,000,000","2,400,000",30.00%,1,Risk Warning Alert (RWA),2026-10-10
ENGRO,,"536,626,468","268,313,234",50.00%,1,DELISTED,2026-10-10
ENGROH,,"1,204,231,994","903,173,996",75.00%,1,Risk Warning Alert (RWA),2026-10-10
EPCL,,"908,923,333","227,230,833",25.00%,1,Risk Warning Alert (RWA),2026-10-10
EPCLPS,,"300,000,000","300,000,000",100.00%,1,Risk Warning Alert (RWA),2026-10-10
EPCLR1,,0,0,0.00%,1,Risk Warning Alert (RWA),2026-10-10
EPQL,,"323,800,000","161,900,000",50.00%,1,Risk Warning Alert (RWA),2026-10-10
ESBL,,"135,600,000","20,340,000",15.00%,1,Risk Warning Alert (RWA),2026-10-10
EWIC,,"309,612,375","92,883,712",30.00%,1,Risk Warning Alert (RWA),2026-10-10
EWICR1,,"11,433,411",0,0.00%,1,Risk Warning Alert (RWA),2026-10-10
EWLA,,"60,170,000","51,146,212",85.00%,1,Risk Warning Alert (RWA),2026-10-10
EXIDE,,"7,768,618","1,942,155",25.00%,1,Risk Warning Alert (RWA),2026-10-10
EXTR,,0,0,0.00%,1,DELISTED,2026-10-10
FABL,,"1,517,696,526","531,193,784",35.00%,1,Risk Warning Alert (RWA),2026-10-10
FAEL,,"14,231,000","6,403,950",45.00%,1,Risk Warning Alert (RWA),2026-10-10
FANM,,"23,100,000","11,550,000",50.00%,1,Risk Warning Alert (RWA),2026-10-10
FASM,,"10,000,000","1,000,000",10.00%,1,Risk Warning Alert (RWA),2026-10-10
FATIMA,,"2,100,000,000","315,000,000",15.00%,1,Risk Warning Alert (RWA),2026-10-10
FCCL,,"2,452,847,220","858,496,527",35.00%,1,Risk Warning Alert (RWA),2026-10-10
FCEL,,"141,335,500","42,400,650",30.00%,1,Risk Warning Alert (RWA),2026-10-10
FCEPL,,"766,596,075","76,659,608",10.00%,1,Risk Warning Alert (RWA),2026-10-10
FCIBL,,"65,000,000","26,000,000",40.00%,1,Risk Warning Alert (RWA),2026-10-10
FCL,,"644,575,350","161,143,838",25.00%,1,Risk Warning Alert (RWA),2026-10-10
FCONM,,"6,462,500","2,261,875",35.00%,1,Risk Warning Alert (RWA),2026-10-10
FCSC,,"316,610,115","158,305,056",50.00%,1,Risk Warning Alert (RWA),2026-10-10
FDIBL,,"148,390,023","140,970,522",95.00%,1,Risk Warning Alert (RWA),2026-10-10
FDMF,,"58,080,000","43,560,000",75.00%,1,DELISTED,2026-10-10
FDPL,,"148,390,023","140,970,522",95.00%,1,Risk Warning Alert (RWA),2026-10-10
FECM,,"11,340,000","8,505,000",75.00%,1,Risk Warning Alert (RWA),2026-10-10
FECTC,,"50,160,000","12,540,000",25.00%,1,Risk Warning Alert (RWA),2026-10-10
FEM,,"52,440,000","36,708,000",70.00%,1,Risk Warning Alert (RWA),2026-10-10
FEROZ,,"43,469,051","17,387,621",40.00%,1,Risk Warning Alert (RWA),2026-10-10
FFBL,,"1,291,252,857","451,938,500",35.00%,1,DELISTED,2026-10-10
FFC,,"1,439,023,262","791,462,794",55.00%,1,Risk Warning Alert (RWA),2026-10-10
FFL,,"2,519,963,139","503,992,628",20.00%,1,Risk Warning Alert (RWA),2026-10-10
FFLM,,"26,413,804","17,168,973",65.00%,1,Risk Warning Alert (RWA),2026-10-10
FFLNV,,"78,410,000","19,602,000",25.00%,1,DELISTED,2026-10-10
FFLR1,,0,0,0.00%,1,Risk Warning Alert (RWA),2026-10-10
FHAM,,"110,830,500","94,205,925",85.00%,1,Risk Warning Alert (RWA),2026-10-10
FIBLM,,"21,687,500","10,843,750",50.00%,1,Risk Warning Alert (RWA),2026-10-10
FIL,,"2,000,000","52,295",2.61%,1,Risk Warning Alert (RWA),2026-10-10
FIM,,"3,000,000","1,350,000",45.00%,1,Risk Warning Alert (RWA),2026-10-10
FIMM,,"3,000,000","900,000",30.00%,1,Risk Warning Alert (RWA),2026-10-10
FLYNG,,"694,800,000","104,220,000",15.00%,1,Risk Warning Alert (RWA),2026-10-10
FLYNGR1,,0,0,0.00%,1,Risk Warning Alert (RWA),2026-10-10
FML,,"399,409,026","39,940,903",10.00%,1,Risk Warning Alert (RWA),2026-10-10
FNBM,,"25,000,000","17,500,000",70.00%,1,Risk Warning Alert (RWA),2026-10-10
FNEL,,"2,672,863,310","2,004,647,483",75.00%,1,Risk Warning Alert (RWA),2026-10-10
FPJM,,"34,020,000","13,608,000",40.00%,1,Risk Warning Alert (RWA),2026-10-10
FPRM,,"20,682,628","6,204,787",30.00%,1,Risk Warning Alert (RWA),2026-10-10
FPRMR2,,"6,894,210","689,421",10.00%,1,Risk Warning Alert (RWA),2026-10-10
FRCL,,"37,873,821","1,893,691",5.00%,1,Risk Warning Alert (RWA),2026-10-10
FRSM,,"39,510,989","11,853,297",30.00%,1,Risk Warning Alert (RWA),2026-10-10
FSWL,,"2,000,000","96,072",4.80%,1,Risk Warning Alert (RWA),2026-10-10
FTHM,,"1,250,000","875,000",70.00%,1,Risk Warning Alert (RWA),2026-10-10
FTMM,,"195,599,994","9,780,000",5.00%,1,Risk Warning Alert (RWA),2026-10-10
FTSM,,"21,163,104","8,465,242",40.00%,1,Risk Warning Alert (RWA),2026-10-10
FUDLM,,0,0,0.00%,1,Risk Warning Alert (RWA),2026-10-10
FZCM,,"30,000,000","3,000,000",10.00%,1,Risk Warning Alert (RWA),2026-10-10
GADT,,"28,029,583","8,408,875",30.00%,1,Risk Warning Alert (RWA),2026-10-10
GAIL,,"50,028,880","49,543,174",99.03%,1,DELISTED,2026-10-10
GAILR1,,0,0,0.00%,1,Risk Warning Alert (RWA),2026-10-10
GAL,,"57,002,500","22,801,000",40.00%,1,Risk Warning Alert (RWA),2026-10-10
GAMON,,"28,266,231","3,663,798",12.96%,1,Risk Warning Alert (RWA),2026-10-10
GASF,,"152,098,344","121,678,675",80.00%,1,DELISTED,2026-10-10
GATI,,"108,728,960","16,309,344",15.00%,1,Risk Warning Alert (RWA),2026-10-10
GATM,,"740,059,458","185,014,865",25.00%,1,Risk Warning Alert (RWA),2026-10-10
GCIL,,"570,451,931","228,180,772",40.00%,1,Risk Warning Alert (RWA),2026-10-10
GCILB,,0,0,0.00%,1,DELISTED,2026-10-10
GCWL,,"250,143,950","111,049,226",44.39%,1,Risk Warning Alert (RWA),2026-10-10
GCWLPRS,,"1,250,719","1,250,225",99.96%,1,Risk Warning Alert (RWA),2026-10-10
GCWLR,,"1,250,719","1,250,719",100.00%,1,Risk Warning Alert (RWA),2026-10-10
GDL,,"429,200,000","107,300,000",25.00%,1,Risk Warning Alert (RWA),2026-10-10
GEMBCEM,,"100,000,000","25,000,000",25.00%,1,Risk Warning Alert (RWA),2026-10-10
GEMBLUEX,,"27,428,430","10,971,372",40.00%,1,Risk Warning Alert (RWA),2026-10-10
GEMMEL,,"194,103,187","19,410,319",10.00%,1,Risk Warning Alert (RWA),2026-10-10
GEMNETS,,"36,757,596","3,675,760",10.00%,1,Risk Warning Alert (RWA),2026-10-10
GEMPACRA,,"74,529,000","7,452,900",10.00%,1,Risk Warning Alert (RWA),2026-10-10
GEMPAPL,,"20,000,000","15,000,000",75.00%,1,Risk Warning Alert (RWA),2026-10-10
GEMSPNL,,"135,788,901","24,688,891",18.18%,1,DELISTED,2026-10-10
GEMUNSL,,0,0,0.00%,1,Risk Warning Alert (RWA),2026-10-10
GENP,,"19,800,000","17,350,000",87.63%,1,DELISTED,2026-10-10
GFIL,,"32,635,600","3,263,560",10.00%,1,Risk Warning Alert (RWA),2026-10-10
GGGL,,"240,000,000","120,000,000",50.00%,1,Risk Warning Alert (RWA),2026-10-10
GGGLR1,,0,0,0.00%,1,Risk Warning Alert (RWA),2026-10-10
GGL,,"354,119,590","177,059,795",50.00%,1,Risk Warning Alert (RWA),2026-10-10
GGLR1,,0,0,0.00%,1,Risk Warning Alert (RWA),2026-10-10
GHGL,,"999,714,838","349,900,193",35.00%,1,Risk Warning Alert (RWA),2026-10-10
GHGLR1,,0,0,0.00%,1,Risk Warning Alert (RWA),2026-10-10
GHNI,,"42,608,844","14,913,095",35.00%,1,Risk Warning Alert (RWA),2026-10-10
GHNL,,"57,002,500","19,950,875",35.00%,1,Risk Warning Alert (RWA),2026-10-10
GIL,,"300,000",116,0.04%,1,Risk Warning Alert (RWA),2026-10-10
GLAT,,"26,640,000","1,332,000",5.00%,1,DELISTED,2026-10-10
GLAXO,,"318,467,278","63,693,456",20.00%,1,Risk Warning Alert (RWA),2026-10-10
GLOT,,"16,367,085","7,365,188",45.00%,1,Risk Warning Alert (RWA),2026-10-10
GLPL,,"31,872,000","3,187,200",10.00%,1,DELISTED,2026-10-10
GOC,,"7,348,950","1,102,401",15.00%,1,Risk Warning Alert (RWA),2026-10-10
GOEM,,"4,660,000","2,100,000",45.06%,1,DELISTED,2026-10-10
GRR,,"140,000,000","91,000,000",65.00%,1,Risk Warning Alert (RWA),2026-10-10
GRYL,,"21,500,000","2,150,000",10.00%,1,Risk Warning Alert (RWA),2026-10-10
GSKCH,,"117,054,508","15,615,515",13.34%,1,Risk Warning Alert (RWA),2026-10-10
GSPM,,"22,225,038","20,634,802",92.84%,1,Risk Warning Alert (RWA),2026-10-10
GTECH,,0,0,0.00%,1,Risk Warning Alert (RWA),2026-10-10
GTECHBR,,0,0,0.00%,1,Risk Warning Alert (RWA),2026-10-10
GTYR,,"121,933,350","48,773,340",40.00%,1,Risk Warning Alert (RWA),2026-10-10
GUSM,,"14,641,000","11,712,800",80.00%,1,Risk Warning Alert (RWA),2026-10-10
GUTM,,"18,983,872","5,695,170",30.00%,1,Risk Warning Alert (RWA),2026-10-10
GVGL,,"149,942,178","29,377,751",19.59%,1,Risk Warning Alert (RWA),2026-10-10
GWLC,,"400,273,960","40,027,396",10.00%,1,Risk Warning Alert (RWA),2026-10-10
HABSM,,"135,000,000","40,500,000",30.00%,1,Risk Warning Alert (RWA),2026-10-10
HACC,,"1,633,500","1,633,500",100.00%,1,Risk Warning Alert (RWA),2026-10-10
HADC,,"6,400,000","5,882,415",91.91%,1,Risk Warning Alert (RWA),2026-10-10
HAEL,,"12,996,304","1,949,446",15.00%,1,Risk Warning Alert (RWA),2026-10-10
HAFL,,"1,200,000","42,479",3.54%,1,Risk Warning Alert (RWA),2026-10-10
HAJT,,"13,750,000","1,987,705",14.46%,1,Risk Warning Alert (RWA),2026-10-10
HAL,,"40,000,000","8,000,000",20.00%,1,Risk Warning Alert (RWA),2026-10-10
HALEON,,"117,054,508","15,736,767",13.44%,1,Risk Warning Alert (RWA),2026-10-10
HASCOL,,"999,120,680","599,472,408",60.00%,1,Risk Warning Alert (RWA),2026-10-10
HASCOLR1,,"800,000,000",0,0.00%,1,Risk Warning Alert (RWA),2026-10-10
HATM,,"13,271,600","5,972,220",45.00%,1,HATM | Hamid Textile Mills Limited - Proposed delisting,2026-10-10
HBL,,"1,466,852,508","586,741,003",40.00%,1,Risk Warning Alert (RWA),2026-10-10
HCAR,,"142,800,000","28,560,000",20.00%,1,Risk Warning Alert (RWA),2026-10-10
HCL,,"500,000","50,000",10.00%,1,Risk Warning Alert (RWA),2026-10-10
HGFA,,"283,500,000","265,289,970",93.58%,1,Risk Warning Alert (RWA),2026-10-10
HICL,,"199,995,792","74,324,853",37.16%,1,Risk Warning Alert (RWA),2026-10-10
HIFA,,"284,125,000","241,506,250",85.00%,1,Risk Warning Alert (RWA),2026-10-10
HINO,,"24,801,120","2,549,997",10.28%,1,Risk Warning Alert (RWA),2026-10-10
HINOON,,"52,983,368","21,193,345",40.00%,1,Risk Warning Alert (RWA),2026-10-10
HIRAT,,"86,577,920","43,288,960",50.00%,1,Risk Warning Alert (RWA),2026-10-10
HKKT,,"5,394,800","2,427,660",45.00%,1,Risk Warning Alert (RWA),2026-10-10
HMB,,"1,047,831,480","471,524,166",45.00%,1,Risk Warning Alert (RWA),2026-10-10
HMICL,,0,0,0.00%,1,Risk Warning Alert (RWA),2026-10-10
HMIM,,"11,975,040","5,987,520",50.00%,1,Risk Warning Alert (RWA),2026-10-10
HMM,,0,0,0.00%,1,DELISTED,2026-10-10
HPL,,"9,644,760","964,476",10.00%,1,Risk Warning Alert (RWA),2026-10-10
HRPL,,"40,000,000","8,000,000",20.00%,1,Risk Warning Alert (RWA),2026-10-10
HSM,,"52,965,000","18,537,750",35.00%,1,Risk Warning Alert (RWA),2026-10-10
HSMCPS,,"14,445,000","2,166,750",15.00%,1,Risk Warning Alert (RWA),2026-10-10
HSMPSR,,0,0,0.00%,1,Risk Warning Alert (RWA),2026-10-10
HSMR1,,0,0,0.00%,1,Risk Warning Alert (RWA),2026-10-10
HSPI,,"55,484,300","8,322,645",15.00%,1,Risk Warning Alert (RWA),2026-10-10
HTL,,"139,204,800","34,801,200",25.00%,1,Risk Warning Alert (RWA),2026-10-10
HUBC,,"1,297,154,400","972,865,790",75.00%,1,Risk Warning Alert (RWA),2026-10-10
HUMNL,,"1,134,000,000","396,900,000",35.00%,1,Risk Warning Alert (RWA),2026-10-10
HUSI,,"10,625,852","4,781,633",45.00%,1,Risk Warning Alert (RWA),2026-10-10
HWQS,,"32,400,000","14,580,000",45.00%,1,Risk Warning Alert (RWA),2026-10-10
IBFL,,"310,506,995","15,525,350",5.00%,1,Risk Warning Alert (RWA),2026-10-10
IBLHL,,"98,525,982","24,631,495",25.00%,1,Risk Warning Alert (RWA),2026-10-10
ICCI,,"30,001,120","4,500,168",15.00%,1,Risk Warning Alert (RWA),2026-10-10
ICCT,,"30,001,120","4,500,168",15.00%,1,Risk Warning Alert (RWA),2026-10-10
ICI,,"92,359,050","13,853,858",15.00%,1,Risk Warning Alert (RWA),2026-10-10
ICIBL,,"43,052,984","19,373,843",45.00%,1,Risk Warning Alert (RWA),2026-10-10
ICL,,"99,999,999","45,000,000",45.00%,1,Risk Warning Alert (RWA),2026-10-10
ICLR1,,0,0,0.00%,1,Risk Warning Alert (RWA),2026-10-10
IDEAL,,"9,920,000","1,488,000",15.00%,1,Risk Warning Alert (RWA),2026-10-10
IDRT,,"19,852,800","1,985,280",10.00%,1,Risk Warning Alert (RWA),2026-10-10
IDSM,,"9,920,000","1,488,000",15.00%,1,Risk Warning Alert (RWA),2026-10-10
IDYM,,"54,221,193","8,133,179",15.00%,1,Risk Warning Alert (RWA),2026-10-10
IFSL,,0,0,0.00%,1,Risk Warning Alert (RWA),2026-10-10
IGIBL,,"212,100,000","106,051,275",50.00%,1,DELISTED,2026-10-10
IGIHL,,"142,630,550","28,526,110",20.00%,1,Risk Warning Alert (RWA),2026-10-10
IGIIL,,"124,030,000","31,006,641",25.00%,1,Risk Warning Alert (RWA),2026-10-10
IGIL,,"170,567,200","34,113,440",20.00%,1,Risk Warning Alert (RWA),2026-10-10
ILP,,"1,401,709,468","280,341,894",20.00%,1,Risk Warning Alert (RWA),2026-10-10
ILTM,,0,0,0.00%,1,DELISTED,2026-10-10
IMAGE,,"230,369,650","149,740,273",65.00%,1,Risk Warning Alert (RWA),2026-10-10
IMAGER1,,0,0,0.00%,1,Risk Warning Alert (RWA),2026-10-10
IML,,"99,020,000","24,755,000",25.00%,1,Risk Warning Alert (RWA),2026-10-10
IMS,,"1,287,510,240","128,751,024",10.00%,1,Risk Warning Alert (RWA),2026-10-10
IMSL,,"99,020,000","9,902,000",10.00%,1,Risk Warning Alert (RWA),2026-10-10
INDU,,"78,600,000","13,990,603",17.80%,1,Risk Warning Alert (RWA),2026-10-10
INIL,,"131,881,860","59,346,846",45.00%,1,Risk Warning Alert (RWA),2026-10-10
INKL,,"9,675,000","3,870,000",40.00%,1,Risk Warning Alert (RWA),2026-10-10
INL,,0,0,0.00%,1,Risk Warning Alert (RWA),2026-10-10
INMF,,"10,000,000","12,666,667",126.67%,1,Risk Warning Alert (RWA),2026-10-10
IPAK,,"735,210,000","220,563,000",30.00%,1,Risk Warning Alert (RWA),2026-10-10
IREIT,,"275,858,500","96,550,475",35.00%,1,Risk Warning Alert (RWA),2026-10-10
ISHT,,"4,250,000","1,912,500",45.00%,1,DELISTED,2026-10-10
ISIL,,"66,356,940","3,317,847",5.00%,1,Risk Warning Alert (RWA),2026-10-10
ISL,,"435,000,000","152,250,000",35.00%,1,Risk Warning Alert (RWA),2026-10-10
ISTM,,"9,660,000","1,449,000",15.00%,1,Risk Warning Alert (RWA),2026-10-10
ITANZ,,"118,603,650","48,519,675",40.91%,1,Risk Warning Alert (RWA),2026-10-10
ITSL,,"16,333,333","7,350,000",45.00%,1,Risk Warning Alert (RWA),2026-10-10
ITTEFAQ,,"144,343,364","93,823,187",65.00%,1,Risk Warning Alert (RWA),2026-10-10
JATM,,"12,601,200","1,890,174",15.00%,1,Risk Warning Alert (RWA),2026-10-10
JDMT,,"6,915,822","2,074,747",30.00%,1,Risk Warning Alert (RWA),2026-10-10
JDWS,,"57,776,661","8,666,499",15.00%,1,Risk Warning Alert (RWA),2026-10-10
JGICL,,"198,491,379","79,396,496",40.00%,1,Risk Warning Alert (RWA),2026-10-10
JKSM,,"102,317,502","5,115,875",5.00%,1,Risk Warning Alert (RWA),2026-10-10
JLICL,,"150,529,965","20,070,662",13.33%,1,Risk Warning Alert (RWA),2026-10-10
JOPP,,"5,450,000","545,000",10.00%,1,DELISTED,2026-10-10
JOVC,,"50,820,000","50,549,066",99.47%,1,DELISTED,2026-10-10
JPGL,,0,0,0.00%,1,DELISTED,2026-10-10
JSBL,,"2,050,662,536","410,132,507",20.00%,1,Risk Warning Alert (RWA),2026-10-10
JSBLR1,,0,0,0.00%,1,Risk Warning Alert (RWA),2026-10-10
JSCL,,"915,942,388","183,188,478",20.00%,1,Risk Warning Alert (RWA),2026-10-10
JSCLR1,,0,0,0.00%,1,Risk Warning Alert (RWA),2026-10-10
JSGCL,,"27,477,297","2,747,730",10.00%,1,Risk Warning Alert (RWA),2026-10-10
JSIL,,"61,774,256","12,354,851",20.00%,1,Risk Warning Alert (RWA),2026-10-10
JSML,,"34,128,454","13,651,381",40.00%,1,Risk Warning Alert (RWA),2026-10-10
JSRR,,"214,551,207","42,910,241",20.00%,1,Risk Warning Alert (RWA),2026-10-10
JUBS,,"32,491,205","4,873,681",15.00%,1,Risk Warning Alert (RWA),2026-10-10
JVDC,,"380,860,447","190,430,224",50.00%,1,Risk Warning Alert (RWA),2026-10-10
JVDCPS,,"50,500","42,500",84.16%,1,Risk Warning Alert (RWA),2026-10-10
JVDCR1,,0,0,0.00%,1,Risk Warning Alert (RWA),2026-10-10
KACM,,"1,180,000","530,000",44.92%,1,Risk Warning Alert (RWA),2026-10-10
KAKL,,"8,550,000","3,847,500",45.00%,1,Risk Warning Alert (RWA),2026-10-10
KAPCO,,"880,253,228","456,626,379",51.87%,1,Risk Warning Alert (RWA),2026-10-10
KASBM,,0,0,0.00%,1,DELISTED,2026-10-10
KCL,,"14,549,060","10,911,507",75.00%,1,Risk Warning Alert (RWA),2026-10-10
KEL,,"27,615,194,245","2,761,519,425",10.00%,1,Risk Warning Alert (RWA),2026-10-10
KHSM,,"13,174,800","2,098,400",15.93%,1,Risk Warning Alert (RWA),2026-10-10
KHTC,,"6,922,368","997,245",14.41%,1,Risk Warning Alert (RWA),2026-10-10
KHYT,,"1,227,500","20,668",1.68%,1,Risk Warning Alert (RWA),2026-10-10
KML,,"509,110,110","76,366,517",15.00%,1,Risk Warning Alert (RWA),2026-10-10
KOHC,,"919,306,485","229,826,621",25.00%,1,Risk Warning Alert (RWA),2026-10-10
KOHE,,"169,458,614","67,783,446",40.00%,1,Risk Warning Alert (RWA),2026-10-10
KOHP,,"12,600,000","6,930,000",55.00%,1,Risk Warning Alert (RWA),2026-10-10
KOHTM,,"20,800,000","6,240,000",30.00%,1,Risk Warning Alert (RWA),2026-10-10
KOIL,,"30,302,580","13,636,144",45.00%,1,Risk Warning Alert (RWA),2026-10-10
KOSM,,"552,857,142","469,928,571",85.00%,1,Risk Warning Alert (RWA),2026-10-10
KPUS,,"16,017,500","800,875",5.00%,1,Risk Warning Alert (RWA),2026-10-10
KSBP,,"30,900,000","8,368,967",27.08%,1,Risk Warning Alert (RWA),2026-10-10
KSTM,,"10,700,000","3,210,000",30.00%,1,Risk Warning Alert (RWA),2026-10-10
KTML,,"1,346,497,280","269,299,456",20.00%,1,Risk Warning Alert (RWA),2026-10-10
LCI,,"461,795,250","92,359,050",20.00%,1,Risk Warning Alert (RWA),2026-10-10
LEUL,,"6,000,000","1,800,000",30.00%,1,Risk Warning Alert (RWA),2026-10-10
LINDE,,"25,040,000","10,015,488",40.00%,1,Risk Warning Alert (RWA),2026-10-10
LIVEN,,"113,040,367","11,304,037",10.00%,1,Risk Warning Alert (RWA),2026-10-10
LIVENR,,"20,000,000",0,0.00%,1,Risk Warning Alert (RWA),2026-10-10
LMSM,,"12,123,700","1,212,370",10.00%,1,Risk Warning Alert (RWA),2026-10-10
LOADS,,"371,250,000","185,625,000",50.00%,1,Risk Warning Alert (RWA),2026-10-10
LOADSR1,,"120,000,000","12,000,000",10.00%,1,Risk Warning Alert (RWA),2026-10-10
LOTCHEM,,"1,514,207,200","378,551,802",25.00%,1,Risk Warning Alert (RWA),2026-10-10
LPCL,,0,0,0.00%,1,Risk Warning Alert (RWA),2026-10-10
LPGL,,"7,500,000","1,875,000",25.00%,1,Risk Warning Alert (RWA),2026-10-10
LPL,,"279,838,732","111,935,493",40.00%,1,Risk Warning Alert (RWA),2026-10-10
LSECL,,"387,000,000","212,850,000",55.00%,1,Risk Warning Alert (RWA),2026-10-10
LSECLR,,"24,693,310","2,469,331",10.00%,1,Risk Warning Alert (RWA),2026-10-10
LSEFSL,,"270,000,000","81,000,000",30.00%,1,Risk Warning Alert (RWA),2026-10-10
LSEPL,,0,0,0.00%,1,Risk Warning Alert (RWA),2026-10-10
LSEVL,,"399,195,760","219,557,668",55.00%,1,Risk Warning Alert (RWA),2026-10-10
LSEVLR,,"40,000,000","4,000,000",10.00%,1,Risk Warning Alert (RWA),2026-10-10
LUCK,,"1,465,000,000","439,500,000",30.00%,1,Risk Warning Alert (RWA),2026-10-10
MACFL,,"59,301,150","23,720,460",40.00%,1,Risk Warning Alert (RWA),2026-10-10
MACTER,,"45,811,018","16,033,856",35.00%,1,Risk Warning Alert (RWA),2026-10-10
MARI,,"1,200,622,500","240,124,500",20.00%,1,Risk Warning Alert (RWA),2026-10-10
MCB,,"1,185,060,006","414,771,002",35.00%,1,Risk Warning Alert (RWA),2026-10-10
MCBAH,,"72,000,000","10,800,000",15.00%,1,Risk Warning Alert (RWA),2026-10-10
MCBIM,,"72,000,000","10,800,000",15.00%,1,Risk Warning Alert (RWA),2026-10-10
MDTL,,"178,851,010","125,195,707",70.00%,1,Risk Warning Alert (RWA),2026-10-10
MDTM,,"9,200,000","4,139,999",45.00%,1,DELISTED,2026-10-10
MEBL,,"1,807,096,448","450,138,663",24.91%,1,Risk Warning Alert (RWA),2026-10-10
MEHT,,"30,000,000","19,500,000",65.00%,1,Risk Warning Alert (RWA),2026-10-10
MERIT,,"199,958,427","39,991,685",20.00%,1,Risk Warning Alert (RWA),2026-10-10
MERITR1,,0,0,0.00%,1,Risk Warning Alert (RWA),2026-10-10
META,,0,0,0.00%,1,Risk Warning Alert (RWA),2026-10-10
MFFL,,"22,875,000","3,847,917",16.82%,1,Risk Warning Alert (RWA),2026-10-10
MFFLR1,,"2,777,778","2,777,777",100.00%,1,Risk Warning Alert (RWA),2026-10-10
MFL,,"122,400,698","42,840,244",35.00%,1,Risk Warning Alert (RWA),2026-10-10
MFTM,,"18,889,200","8,443,614",44.70%,1,Risk Warning Alert (RWA),2026-10-10
MIRKS,,"66,557,888","29,951,050",45.00%,1,Risk Warning Alert (RWA),2026-10-10
MLCF,,"1,047,562,608","471,403,174",45.00%,1,Risk Warning Alert (RWA),2026-10-10
MLCFR1,,"504,645,566",0,0.00%,1,Risk Warning Alert (RWA),2026-10-10
MODAM,,0,0,0.00%,1,Risk Warning Alert (RWA),2026-10-10
MODAMR1,,0,0,0.00%,1,Risk Warning Alert (RWA),2026-10-10
MOHE,,"15,180,000","6,831,000",45.00%,1,Risk Warning Alert (RWA),2026-10-10
MOIL,,0,0,0.00%,1,DELISTED,2026-10-10
MOON,,"2,160,000","330,000",15.28%,1,Risk Warning Alert (RWA),2026-10-10
MQTM,,"18,432,000","4,608,000",25.00%,1,Risk Warning Alert (RWA),2026-10-10
MRNS,,"74,927,989","26,224,663",35.00%,1,Risk Warning Alert (RWA),2026-10-10
MSCL,,"30,977,500","7,744,400",25.00%,1,Risk Warning Alert (RWA),2026-10-10
MSOT,,"67,500,000","13,500,000",20.00%,1,Risk Warning Alert (RWA),2026-10-10
MSOTPS,,"27,500,000","27,500,000",100.00%,1,Risk Warning Alert (RWA),2026-10-10
MTIL,,"22,105,200","5,526,300",25.00%,1,Risk Warning Alert (RWA),2026-10-10
MTL,,"399,031,894","179,564,352",45.00%,1,Risk Warning Alert (RWA),2026-10-10
MUBT,,"5,400,000","666,000",12.33%,1,Risk Warning Alert (RWA),2026-10-10
MUGHAL,,"335,633,933","117,471,877",35.00%,1,Risk Warning Alert (RWA),2026-10-10
MUGHALC,,"33,062,447","3,306,245",10.00%,1,Risk Warning Alert (RWA),2026-10-10
MUGHALR1,,0,0,0.00%,1,Risk Warning Alert (RWA),2026-10-10
MUKT,,"14,500,000","7,346,525",50.67%,1,Risk Warning Alert (RWA),2026-10-10
MUREB,,"27,663,631","11,065,452",40.00%,1,Risk Warning Alert (RWA),2026-10-10
MWMP,,"28,748,133","7,187,033",25.00%,1,Risk Warning Alert (RWA),2026-10-10
MZSM,,"14,100,000","4,548,829",32.26%,1,Risk Warning Alert (RWA),2026-10-10
NAFL,,"84,777,800","38,150,010",45.00%,1,Risk Warning Alert (RWA),2026-10-10
NAGC,,"18,700,000","1,870,000",10.00%,1,Risk Warning Alert (RWA),2026-10-10
NATF,,"233,115,250","58,278,856",25.00%,1,Risk Warning Alert (RWA),2026-10-10
NATM,,"21,266,735","1,063,337",5.00%,1,Risk Warning Alert (RWA),2026-10-10
NBP,,"2,127,512,862","510,128,275",23.98%,1,Risk Warning Alert (RWA),2026-10-10
NCL,,"240,119,029","120,059,515",50.00%,1,Risk Warning Alert (RWA),2026-10-10
NCML,,"23,000,000","18,541,637",80.62%,1,Risk Warning Alert (RWA),2026-10-10
NCPL,,"367,346,939","202,040,816",55.00%,1,Risk Warning Alert (RWA),2026-10-10
NESTLE,,"45,349,584","4,534,958",10.00%,1,Risk Warning Alert (RWA),2026-10-10
NETSOL,,"89,836,923","26,951,077",30.00%,1,Risk Warning Alert (RWA),2026-10-10
NEXT,,"56,925,000","28,462,500",50.00%,1,Risk Warning Alert (RWA),2026-10-10
NIB,,0,0,0.00%,1,DELISTED,2026-10-10
NICL,,"110,590,546","38,706,691",35.00%,1,Risk Warning Alert (RWA),2026-10-10
NINA,,"24,200,000","7,192,350",29.72%,1,Risk Warning Alert (RWA),2026-10-10
NMFL,,"16,589,500","7,885,395",47.53%,1,Risk Warning Alert (RWA),2026-10-10
NML,,"351,599,848","158,219,932",45.00%,1,Risk Warning Alert (RWA),2026-10-10
NNAR,,"293,750,000","44,062,500",15.00%,1,Risk Warning Alert (RWA),2026-10-10
NONS,,"16,517,456","3,303,491",20.00%,1,Risk Warning Alert (RWA),2026-10-10
NORS,,"400,000","180,000",45.00%,1,DELISTED,2026-10-10
NPL,,"354,088,500","173,078,122",48.88%,1,Risk Warning Alert (RWA),2026-10-10
NPSM,,"14,700,000","329,441",2.24%,1,DELISTED,2026-10-10
NRL,,"79,966,560","26,314,939",32.91%,1,Risk Warning Alert (RWA),2026-10-10
NRSL,,"141,321,100","42,396,319",30.00%,1,Risk Warning Alert (RWA),2026-10-10
NSRM,,"15,553,133","777,659",5.00%,1,Risk Warning Alert (RWA),2026-10-10
OBOY,,"50,000,000","49,670,672",99.34%,1,Risk Warning Alert (RWA),2026-10-10
OBOYR1,,0,0,0.00%,1,Risk Warning Alert (RWA),2026-10-10
OCTOPUS,,"158,222,372","47,178,751",29.82%,1,Risk Warning Alert (RWA),2026-10-10
OGDC,,"4,300,928,400","645,139,260",15.00%,1,Risk Warning Alert (RWA),2026-10-10
OLPL,,"175,407,648","87,703,824",50.00%,1,Risk Warning Alert (RWA),2026-10-10
OLPM,,"45,383,530","34,037,648",75.00%,1,Risk Warning Alert (RWA),2026-10-10
OLSM,,0,0,0.00%,1,Risk Warning Alert (RWA),2026-10-10
OML,,"12,000,000","1,200,000",10.00%,1,Risk Warning Alert (RWA),2026-10-10
ORIXM,,"45,383,530","34,037,648",75.00%,1,Risk Warning Alert (RWA),2026-10-10
ORM,,"75,000,000","26,250,000",35.00%,1,Risk Warning Alert (RWA),2026-10-10
OTSU,,"12,100,000","3,025,000",25.00%,1,Risk Warning Alert (RWA),2026-10-10
PABC,,"361,108,254","54,166,238",15.00%,1,Risk Warning Alert (RWA),2026-10-10
PACE,,"309,862,893","405,019,097",130.71%,1,Risk Warning Alert (RWA),2026-10-10
PAEL,,"923,649,501","508,007,226",55.00%,1,Risk Warning Alert (RWA),2026-10-10
PAKCEM,,0,0,0.00%,1,Risk Warning Alert (RWA),2026-10-10
PAKD,,"11,859,210","5,055,988",42.63%,1,Risk Warning Alert (RWA),2026-10-10
PAKL,,"3,400,000","1,020,000",30.00%,1,Risk Warning Alert (RWA),2026-10-10
PAKMI,,0,0,0.00%,1,DELISTED,2026-10-10
PAKOXY,,"87,124,228","21,781,057",25.00%,1,Risk Warning Alert (RWA),2026-10-10
PAKQATAR,,"230,712,440","80,749,354",35.00%,1,Risk Warning Alert (RWA),2026-10-10
PAKRI,,"900,000,000","225,000,000",25.00%,1,Risk Warning Alert (RWA),2026-10-10
PAKT,,"255,493,792","12,619,316",4.94%,1,Risk Warning Alert (RWA),2026-10-10
PASL,,"186,568,487","186,157,531",99.78%,1,Risk Warning Alert (RWA),2026-10-10
PASM,,"17,352,330","9,543,780",55.00%,1,Risk Warning Alert (RWA),2026-10-10
PCAL,,"54,457,418","16,337,225",30.00%,1,Risk Warning Alert (RWA),2026-10-10
PCML,,"11,500,000",0,0.00%,1,DELISTED,2026-10-10
PDGH,,0,0,0.00%,1,DELISTED,2026-10-10
PECO,,"5,690,200","1,991,586",35.00%,1,Risk Warning Alert (RWA),2026-10-10
PGCL,,"4,248,552","212,428",5.00%,1,DELISTED,2026-10-10
PGF,,"283,500,000","262,664,150",92.65%,1,Risk Warning Alert (RWA),2026-10-10
PGIC,,0,0,0.00%,1,DELISTED,2026-10-10
PGLC,,"49,471,110","9,894,222",20.00%,1,Risk Warning Alert (RWA),2026-10-10
PHDL,,"18,000,000","10,800,000",60.00%,1,Risk Warning Alert (RWA),2026-10-10
PIAA,,0,0,0.00%,1,Risk Warning Alert (RWA),2026-10-10
PIAB,,0,0,0.00%,1,Risk Warning Alert (RWA),2026-10-10
PIAHCLA,,"5,233,762,118","189,167,570",3.61%,1,Risk Warning Alert (RWA),2026-10-10
PIAHCLB,,"1,500,000","2,826",0.19%,1,Risk Warning Alert (RWA),2026-10-10
PIBTL,,"1,786,092,772","803,741,747",45.00%,1,Risk Warning Alert (RWA),2026-10-10
PICL,,"39,398,933","11,819,680",30.00%,1,Risk Warning Alert (RWA),2026-10-10
PICT,,"109,153,152","21,830,630",20.00%,1,Risk Warning Alert (RWA),2026-10-10
PIF,,"284,120,000","227,300,000",80.00%,1,Risk Warning Alert (RWA),2026-10-10
PIL,,"35,000,000","34,669,432",99.06%,1,Risk Warning Alert (RWA),2026-10-10
PIM,,"20,000,000","1,000,000",5.00%,1,Risk Warning Alert (RWA),2026-10-10
PINL,,"50,565,105","27,810,808",55.00%,1,Risk Warning Alert (RWA),2026-10-10
PIOC,,"227,148,793","34,072,319",15.00%,1,Risk Warning Alert (RWA),2026-10-10
PKGI,,"143,600,000","5,000,000",3.48%,1,Risk Warning Alert (RWA),2026-10-10
PKGP,,"372,081,591","38,429,721",10.33%,1,Risk Warning Alert (RWA),2026-10-10
PKGS,,"89,379,504","17,875,901",20.00%,1,Risk Warning Alert (RWA),2026-10-10
PMI,,"129,391,676","77,635,006",60.00%,1,Risk Warning Alert (RWA),2026-10-10
PMPK,,"61,580,341","3,079,017",5.00%,1,DELISTED,2026-10-10
PMRS,,"3,750,000","387,662",10.34%,1,Risk Warning Alert (RWA),2026-10-10
PNGRS,,"10,850,000","4,850,000",44.70%,1,DELISTED,2026-10-10
PNSC,,"198,095,069","17,880,947",9.03%,1,Risk Warning Alert (RWA),2026-10-10
POL,,"283,855,104","129,982,806",45.79%,1,Risk Warning Alert (RWA),2026-10-10
POML,,"7,762,500","3,105,015",40.00%,1,Risk Warning Alert (RWA),2026-10-10
POWER,,"1,290,523,671","452,106,551",35.03%,1,Risk Warning Alert (RWA),2026-10-10
POWERPS,,"147,404,586","33,005,871",22.39%,1,Risk Warning Alert (RWA),2026-10-10
POWERR1,,0,0,0.00%,1,Risk Warning Alert (RWA),2026-10-10
PPL,,"2,720,967,548","669,507,686",24.61%,1,Risk Warning Alert (RWA),2026-10-10
PPP,,"8,000,000","4,000,000",50.00%,1,Risk Warning Alert (RWA),2026-10-10
PPVC,,"14,958,000","2,533,180",16.94%,1,Risk Warning Alert (RWA),2026-10-10
PQGTL,,"101,107,121","40,442,848",40.00%,1,Risk Warning Alert (RWA),2026-10-10
PREMA,,"218,639,430","65,591,829",30.00%,1,Risk Warning Alert (RWA),2026-10-10
PRET,,"6,163,000","2,157,050",35.00%,1,Risk Warning Alert (RWA),2026-10-10
PRIB,,"10,000,000","2,500,000",25.00%,1,Risk Warning Alert (RWA),2026-10-10
PRIC,,"8,500,000","3,825,000",45.00%,1,Risk Warning Alert (RWA),2026-10-10
PRL,,"630,000,000","227,290,672",36.08%,1,Risk Warning Alert (RWA),2026-10-10
PRLR1,,"315,000,000",0,0.00%,1,Risk Warning Alert (RWA),2026-10-10
PRWM,,"18,480,000","2,772,000",15.00%,1,Risk Warning Alert (RWA),2026-10-10
PSEL,,"32,524,250","30,820,000",94.76%,1,Risk Warning Alert (RWA),2026-10-10
PSMC,,"82,299,851","20,574,963",25.00%,1,DELISTED,2026-10-10
PSO,,"469,473,300","234,736,650",50.00%,1,Risk Warning Alert (RWA),2026-10-10
PSX,,"801,476,600","480,885,960",60.00%,1,Risk Warning Alert (RWA),2026-10-10
PSYL,,"138,699,000","6,934,950",5.00%,1,Risk Warning Alert (RWA),2026-10-10
PTC,,"3,774,000,000","593,332,722",15.72%,1,Risk Warning Alert (RWA),2026-10-10
PTL,,"168,000,000","42,000,000",25.00%,1,Risk Warning Alert (RWA),2026-10-10
PUDF,,"6,000,000","2,700,000",45.00%,1,DELISTED,2026-10-10
QTECH,,"121,576,200","30,394,050",25.00%,1,Risk Warning Alert (RWA),2026-10-10
QUET,,"13,000,000","8,450,000",65.00%,1,Risk Warning Alert (RWA),2026-10-10
QUICE,,"98,461,828","68,923,280",70.00%,1,Risk Warning Alert (RWA),2026-10-10
QUSW,,0,0,0.00%,1,DELISTED,2026-10-10
RAVT,,"25,000,000","11,250,000",45.00%,1,Risk Warning Alert (RWA),2026-10-10
RCML,,"10,652,000","1,065,200",10.00%,1,DELISTED,2026-10-10
REDCO,,"49,292,600","2,464,630",5.00%,1,Risk Warning Alert (RWA),2026-10-10
REGAL,,"7,300,000","3,285,000",45.00%,1,Risk Warning Alert (RWA),2026-10-10
REWM,,"30,810,938","10,783,828",35.00%,1,Risk Warning Alert (RWA),2026-10-10
RICL,,"130,613,991","91,429,796",70.00%,1,Risk Warning Alert (RWA),2026-10-10
RMPL,,"9,236,400","461,821",5.00%,1,Risk Warning Alert (RWA),2026-10-10
RPL,,"141,900,000","44,419,707",31.30%,1,Risk Warning Alert (RWA),2026-10-10
RUBY,,"52,214,400","2,610,720",5.00%,1,Risk Warning Alert (RWA),2026-10-10
RUPL,,"34,068,500","10,220,554",30.00%,1,Risk Warning Alert (RWA),2026-10-10
SAIF,,"26,412,900","13,206,440",50.00%,1,Risk Warning Alert (RWA),2026-10-10
SALT,,0,0,0.00%,1,DELISTED,2026-10-10
SANE,,"4,467,036","1,563,463",35.00%,1,Risk Warning Alert (RWA),2026-10-10
SANSM,,"11,946,000","6,570,300",55.00%,1,Risk Warning Alert (RWA),2026-10-10
SAPL,,"9,644,800","964,476",10.00%,1,Risk Warning Alert (RWA),2026-10-10
SAPT,,"21,689,791","2,168,979",10.00%,1,Risk Warning Alert (RWA),2026-10-10
SARC,,"6,000,000","2,700,000",45.00%,1,Risk Warning Alert (RWA),2026-10-10
SASML,,"10,425,000","2,606,250",25.00%,1,Risk Warning Alert (RWA),2026-10-10
SAZEW,,"60,445,961","21,156,087",35.00%,1,Risk Warning Alert (RWA),2026-10-10
SBL,,"1,008,238,648","201,647,730",20.00%,1,Risk Warning Alert (RWA),2026-10-10
SCBPL,,"3,871,585,021","193,579,251",5.00%,1,Risk Warning Alert (RWA),2026-10-10
SCHT,,"11,970,000","5,386,500",45.00%,1,Risk Warning Alert (RWA),2026-10-10
SCL,,"3,900,000","195,000",5.00%,1,DELISTED,2026-10-10
SDIL,,"3,900,000","1,760,000",45.13%,1,DELISTED,2026-10-10
SDOT,,"3,000,000","1,350,000",45.00%,1,Risk Warning Alert (RWA),2026-10-10
SEARL,,"588,218,590","294,109,294",50.00%,1,Risk Warning Alert (RWA),2026-10-10
SEARLR1,,0,0,0.00%,1,Risk Warning Alert (RWA),2026-10-10
SEL,,"19,092,000","10,500,600",55.00%,1,Risk Warning Alert (RWA),2026-10-10
SELECT,,"888,888,889","88,888,889",10.00%,1,Risk Warning Alert (RWA),2026-10-10
SEPCO,,"136,675,752","95,614,254",69.96%,1,Risk Warning Alert (RWA),2026-10-10
SEPL,,"59,255,985","23,702,394",40.00%,1,Risk Warning Alert (RWA),2026-10-10
SERF,,"249,871,128","11,183,414",4.48%,1,Risk Warning Alert (RWA),2026-10-10
SERT,,"13,787,567","2,068,135",15.00%,1,Risk Warning Alert (RWA),2026-10-10
SFAT,,"4,000,000","1,200,000",30.00%,1,Risk Warning Alert (RWA),2026-10-10
SFL,,"24,871,228","1,243,561",5.00%,1,Risk Warning Alert (RWA),2026-10-10
SFLL,,"20,091,450","1,004,573",5.00%,1,DELISTED,2026-10-10
SGABL,,"15,000,000",0,0.00%,1,Risk Warning Alert (RWA),2026-10-10
SGF,,"207,069,372","51,616,901",24.93%,1,Risk Warning Alert (RWA),2026-10-10
SGFL,,0,0,0.00%,1,Risk Warning Alert (RWA),2026-10-10
SGPL,,"71,332,867","16,049,940",22.50%,1,Risk Warning Alert (RWA),2026-10-10
SGPLR,,"53,499,600","5,349,960",10.00%,1,Risk Warning Alert (RWA),2026-10-10
SHCI,,"12,000,000","2,400,000",20.00%,1,Risk Warning Alert (RWA),2026-10-10
SHCM,,"17,636,800","1,763,672",10.00%,1,Risk Warning Alert (RWA),2026-10-10
SHDT,,"22,850,000","7,997,500",35.00%,1,Risk Warning Alert (RWA),2026-10-10
SHDTR1,,"6,250,000","625,000",10.00%,1,Risk Warning Alert (RWA),2026-10-10
SHEL,,"214,024,662","32,103,699",15.00%,1,Risk Warning Alert (RWA),2026-10-10
SHEZ,,"9,663,060","3,865,224",40.00%,1,Risk Warning Alert (RWA),2026-10-10
SHFA,,"63,214,383","28,446,472",45.00%,1,Risk Warning Alert (RWA),2026-10-10
SHJS,,"12,011,200","4,203,884",35.00%,1,Risk Warning Alert (RWA),2026-10-10
SHNI,,"104,812,500","31,443,750",30.00%,1,Risk Warning Alert (RWA),2026-10-10
SHSML,,"21,118,663","7,391,532",35.00%,1,Risk Warning Alert (RWA),2026-10-10
SIBL,,"59,148,593","17,744,578",30.00%,1,Risk Warning Alert (RWA),2026-10-10
SICL,,"750,000","337,500",45.00%,1,SICL | Standard Insurance Company Limited - Delisting & Buy Back of Shares,2026-10-10
SIEM,,"8,247,037","412,352",5.00%,1,Risk Warning Alert (RWA),2026-10-10
SILK,,"9,081,861,237","3,178,651,433",35.00%,1,Risk Warning Alert (RWA),2026-10-10
SINDM,,"45,000,000","4,500,000",10.00%,1,Risk Warning Alert (RWA),2026-10-10
SING,,"45,410,000","24,973,092",54.99%,1,Risk Warning Alert (RWA),2026-10-10
SITC,,"21,429,407","6,428,822",30.00%,1,Risk Warning Alert (RWA),2026-10-10
SJTM,,"21,267,800","1,063,390",5.00%,1,DELISTED,2026-10-10
SKRS,,"44,616,000","13,114,441",29.39%,1,Risk Warning Alert (RWA),2026-10-10
SLCL,,"36,300,000","27,225,000",75.00%,1,Risk Warning Alert (RWA),2026-10-10
SLGL,,"421,794,036","126,538,211",30.00%,1,Risk Warning Alert (RWA),2026-10-10
SLL,,"32,000,000","9,600,000",30.00%,1,Risk Warning Alert (RWA),2026-10-10
SLM,,"7,794,760,763","779,476,076",10.00%,1,Risk Warning Alert (RWA),2026-10-10
SLSO,,"1,120,000","500,000",44.64%,1,DELISTED,2026-10-10
SLSOPP,,"160,000","70,000",43.75%,1,DELISTED,2026-10-10
SLSOPVI,,"50,000","20,000",40.00%,1,DELISTED,2026-10-10
SLYT,,"8,775,000","2,193,750",25.00%,1,Risk Warning Alert (RWA),2026-10-10
SMBL,,"6,622,220,576","993,333,086",15.00%,1,Risk Warning Alert (RWA),2026-10-10
SMBLCPSA,,0,0,0.00%,1,Risk Warning Alert (RWA),2026-10-10
SMBLCPSB,,0,0,0.00%,1,Risk Warning Alert (RWA),2026-10-10
SMCPL,,"25,000,000","7,500,000",30.00%,1,Risk Warning Alert (RWA),2026-10-10
SML,,"125,000,000","56,250,000",45.00%,1,Risk Warning Alert (RWA),2026-10-10
SMLR1,,0,0,0.00%,1,Risk Warning Alert (RWA),2026-10-10
SMTM,,"11,879,111","7,721,422",65.00%,1,Risk Warning Alert (RWA),2026-10-10
SNAI,,"19,965,000","6,987,750",35.00%,1,Risk Warning Alert (RWA),2026-10-10
SNBL,,"1,102,463,503","330,739,044",30.00%,1,Risk Warning Alert (RWA),2026-10-10
SNGP,,"634,216,665","253,686,666",40.00%,1,Risk Warning Alert (RWA),2026-10-10
SOYASUP,,"386,996,941","58,049,541",15.00%,1,Risk Warning Alert (RWA),2026-10-10
SPAC1,,"26,000,000","15,600,000",60.00%,1,Risk Warning Alert (RWA),2026-10-10
SPAC2,,"21,000,000","10,500,000",50.00%,1,Risk Warning Alert (RWA),2026-10-10
SPCL,,"45,160,500","15,806,175",35.00%,1,Risk Warning Alert (RWA),2026-10-10
SPEL,,"199,736,016","39,947,203",20.00%,1,Risk Warning Alert (RWA),2026-10-10
SPL,,"55,100,000","33,060,000",60.00%,1,Risk Warning Alert (RWA),2026-10-10
SPLC,,"45,160,500","15,806,175",35.00%,1,Risk Warning Alert (RWA),2026-10-10
SPLCTFC3,,0,0,0.00%,1,Risk Warning Alert (RWA),2026-10-10
SPSL,,"1,679,914,000","335,982,800",20.00%,1,Risk Warning Alert (RWA),2026-10-10
SPWL,,"386,471,779","212,559,478",55.00%,1,Risk Warning Alert (RWA),2026-10-10
SRR,,"33,000,000","13,200,000",40.00%,1,Risk Warning Alert (RWA),2026-10-10
SRSM,,"31,200,000","1,560,000",5.00%,1,SRSM | Sargodha Spinning Mills Limited - Voluntary Delisting from Pakistan Stock Exchange Limited,2026-10-10
SRVI,,"469,875,000","234,937,270",50.00%,1,Risk Warning Alert (RWA),2026-10-10
SSGC,,"880,916,309","336,860,252",38.24%,1,Risk Warning Alert (RWA),2026-10-10
SSIC,,"30,564,844","9,147,520",29.93%,1,SSIC | Silver Star Insurance Company Limited - Proposed Delisting of the Company,2026-10-10
SSML,,"29,840,607","4,476,091",15.00%,1,Risk Warning Alert (RWA),2026-10-10
SSOM,,"5,658,400","1,397,200",24.69%,1,Risk Warning Alert (RWA),2026-10-10
STCL,,"239,320,475","131,626,261",55.00%,1,Risk Warning Alert (RWA),2026-10-10
STJT,,"9,660,000","1,449,000",15.00%,1,Risk Warning Alert (RWA),2026-10-10
STL,,"199,096,029","99,548,015",50.00%,1,Risk Warning Alert (RWA),2026-10-10
STLR,,"91,476,554","9,147,655",10.00%,1,Risk Warning Alert (RWA),2026-10-10
STML,,"8,640,000","2,592,000",30.00%,1,Risk Warning Alert (RWA),2026-10-10
STPL,,"229,278,733","80,247,570",35.00%,1,Risk Warning Alert (RWA),2026-10-10
STYLERS,,"488,827,773","24,441,389",5.00%,1,Risk Warning Alert (RWA),2026-10-10
SUCM,,"7,851,100","3,532,995",45.00%,1,Risk Warning Alert (RWA),2026-10-10
SUHJ,,"4,332,819","174,664",4.03%,1,Risk Warning Alert (RWA),2026-10-10
SURAJ,,"958,100","431,145",45.00%,1,Risk Warning Alert (RWA),2026-10-10
SURC,,"48,809,516","9,761,903",20.00%,1,Risk Warning Alert (RWA),2026-10-10
SUTM,,"20,700,000","2,070,000",10.00%,1,Risk Warning Alert (RWA),2026-10-10
SWL,,"750,000",0,0.00%,1,Risk Warning Alert (RWA),2026-10-10
SYM,,"285,245,524","156,885,038",55.00%,1,Risk Warning Alert (RWA),2026-10-10
SYS,,"1,473,404,435","957,712,883",65.00%,1,Risk Warning Alert (RWA),2026-10-10
SZTM,,"17,971,372","1,797,137",10.00%,1,Risk Warning Alert (RWA),2026-10-10
TAJT,,"33,442,000","15,048,900",45.00%,1,Risk Warning Alert (RWA),2026-10-10
TATM,,"55,993,614","11,198,723",20.00%,1,Risk Warning Alert (RWA),2026-10-10
TBL,,"1,082,593,173","270,648,293",25.00%,1,Risk Warning Alert (RWA),2026-10-10
TCLTC,,"41,822,250","12,546,675",30.00%,1,DELISTED,2026-10-10
TCORP,,"82,000,000","24,600,000",30.00%,1,Risk Warning Alert (RWA),2026-10-10
TCORPR1,,0,0,0.00%,1,Risk Warning Alert (RWA),2026-10-10
TCORPR2,,"15,793,750","1,579,375",10.00%,1,Risk Warning Alert (RWA),2026-10-10
TDIL,,0,0,0.00%,1,Risk Warning Alert (RWA),2026-10-10
TELE,,"338,625,000","325,995,431",96.27%,1,Risk Warning Alert (RWA),2026-10-10
TGL,,"172,167,188","68,866,875",40.00%,1,Risk Warning Alert (RWA),2026-10-10
THALL,,"81,029,917","32,411,964",40.00%,1,Risk Warning Alert (RWA),2026-10-10
THAS,,0,0,0.00%,1,Risk Warning Alert (RWA),2026-10-10
THCCL,,"498,590,625","174,506,719",35.00%,1,Risk Warning Alert (RWA),2026-10-10
TICL,,"15,023,200","226,464",1.51%,1,Risk Warning Alert (RWA),2026-10-10
TISL,,"950,000,000","332,500,000",35.00%,1,Risk Warning Alert (RWA),2026-10-10
TOMCL,,"196,340,334","107,987,184",55.00%,1,Risk Warning Alert (RWA),2026-10-10
TOWL,,"17,000,000","3,400,000",20.00%,1,Risk Warning Alert (RWA),2026-10-10
TPL,,"267,297,763","173,743,546",65.00%,1,Risk Warning Alert (RWA),2026-10-10
TPLI,,"198,644,462","9,932,223",5.00%,1,Risk Warning Alert (RWA),2026-10-10
TPLL,,"224,500,000","33,675,000",15.00%,1,Risk Warning Alert (RWA),2026-10-10
TPLP,,"561,086,876","364,706,469",65.00%,1,Risk Warning Alert (RWA),2026-10-10
TPLRF1,,"1,835,000,000","1,376,250,000",75.00%,1,Risk Warning Alert (RWA),2026-10-10
TPLT,,"187,263,093","93,631,547",50.00%,1,Risk Warning Alert (RWA),2026-10-10
TREET,,"371,028,814","185,514,407",50.00%,1,Risk Warning Alert (RWA),2026-10-10
TREI,,"11,700,000","8,190,132",70.00%,1,Risk Warning Alert (RWA),2026-10-10
TRG,,"545,390,665","354,503,932",65.00%,1,Risk Warning Alert (RWA),2026-10-10
TRIBL,,"119,885,111","77,925,322",65.00%,1,TRIBL | Trust Investment Bank Limited - Proposed Delisting,2026-10-10
TRIPF,,"38,800,000","7,760,000",20.00%,1,Risk Warning Alert (RWA),2026-10-10
TRPOL,,"56,879,201","39,815,441",70.00%,1,Risk Warning Alert (RWA),2026-10-10
TRSM,,"29,800,000","23,840,000",80.00%,1,Risk Warning Alert (RWA),2026-10-10
TSBL,,"750,000,000","487,500,000",65.00%,1,Risk Warning Alert (RWA),2026-10-10
TSMF,,"5,000,000","3,000,000",60.00%,1,Risk Warning Alert (RWA),2026-10-10
TSML,,"117,706,300","5,885,315",5.00%,1,Risk Warning Alert (RWA),2026-10-10
TSPL,,"15,000,000","11,912,600",79.42%,1,Risk Warning Alert (RWA),2026-10-10
UBDL,,"91,800,000","4,590,000",5.00%,1,Risk Warning Alert (RWA),2026-10-10
UBL,,"2,504,247,750","876,486,713",35.00%,1,Risk Warning Alert (RWA),2026-10-10
UBLGSFO,,0,0,0.00%,1,Risk Warning Alert (RWA),2026-10-10
UCAPM,,"23,640,000","14,184,000",60.00%,1,Risk Warning Alert (RWA),2026-10-10
UDLI,,"35,120,548","14,048,219",40.00%,1,Risk Warning Alert (RWA),2026-10-10
UDPL,,"35,271,134","5,290,670",15.00%,1,Risk Warning Alert (RWA),2026-10-10
UNIC,,"499,320,000","99,864,000",20.00%,1,Risk Warning Alert (RWA),2026-10-10
UNITY,,"1,194,050,000","537,322,500",45.00%,1,Risk Warning Alert (RWA),2026-10-10
UNITYR1,,"375,000,000",0,0.00%,1,Risk Warning Alert (RWA),2026-10-10
UPFL,,"6,369,932","521,215",8.18%,1,Risk Warning Alert (RWA),2026-10-10
USMT,,"3,726,300","2,235,773",60.00%,1,Risk Warning Alert (RWA),2026-10-10
UVIC,,"50,000,000","5,000,000",10.00%,1,Risk Warning Alert (RWA),2026-10-10
WAFI,,"214,024,662","32,103,699",15.00%,1,Risk Warning Alert (RWA),2026-10-10
WAHDAT,,"335,221,255","83,805,314",25.00%,1,Risk Warning Alert (RWA),2026-10-10
WAHN,,"9,000,000","3,150,000",35.00%,1,Risk Warning Alert (RWA),2026-10-10
WASL,,"160,717,400","96,430,440",60.00%,1,Risk Warning Alert (RWA),2026-10-10
WASLR,,"31,325,724","3,132,572",10.00%,1,Risk Warning Alert (RWA),2026-10-10
WAVES,,"281,406,088","196,984,262",70.00%,1,Risk Warning Alert (RWA),2026-10-10
WAVESAPP,,"267,885,307","160,731,184",60.00%,1,Risk Warning Alert (RWA),2026-10-10
WAVESAPPR,,"150,015,772","15,001,577",10.00%,1,Risk Warning Alert (RWA),2026-10-10
WAVESR1,,0,0,0.00%,1,Risk Warning Alert (RWA),2026-10-10
WHALE,,"267,885,307","40,182,796",15.00%,1,Risk Warning Alert (RWA),2026-10-10
WTL,,"4,982,289,186","4,306,851,293",86.44%,1,Risk Warning Alert (RWA),2026-10-10
WYETH,,0,"355,402",NaN%,1,DELISTED,2026-10-10
YOUW,,"172,352,500","86,176,250",50.00%,1,Risk Warning Alert (RWA),2026-10-10
ZAHID,,"191,421,102","5,944,517",3.11%,1,Risk Warning Alert (RWA),2026-10-10
ZAL,,"262,500,000","65,625,000",25.00%,1,Risk Warning Alert (RWA),2026-10-10
ZELP,,"427,838,526","51,000,000",11.92%,1,Risk Warning Alert (RWA),2026-10-10
ZHCM,,"9,860,000","4,437,000",45.00%,1,Risk Warning Alert (RWA),2026-10-10
ZIL,,"6,122,600","306,130",5.00%,1,Risk Warning Alert (RWA),2026-10-10
ZTL,,"59,428,729","11,885,746",20.00%,1,Risk Warning Alert (RWA),2026-10-10
ZUMA,,"70,500,000","66,975,000",95.00%,1,Risk Warning Alert (RWA),2026-10-10
